{"cameraMode":{"drawMode":0,"name":"Shaded","section":"Shading Mode"},"sceneLighting":true,"audioPlay":false,"sceneViewState":{"m_AlwaysRefresh":false,"showFog":true,"showSkybox":true,"showFlares":true,"showImageEffects":true,"showParticleSystems":true,"showVisualEffectGraphs":true,"m_FxEnabled":true},"in2DMode":false,"pivot":{"x":-3.163541316986084,"y":37.359352111816409,"z":49.51768493652344},"rotation":{"x":-0.09286406636238098,"y":0.010082387365400792,"z":-0.000885903078597039,"w":-0.995647668838501},"size":53.65565872192383,"orthographic":false}