{"cameraMode":{"drawMode":0,"name":"Shaded","section":"Shading Mode"},"sceneLighting":true,"audioPlay":false,"sceneViewState":{"m_AlwaysRefresh":false,"showFog":true,"showSkybox":true,"showFlares":true,"showImageEffects":true,"showParticleSystems":true,"showVisualEffectGraphs":true,"m_FxEnabled":true},"in2DMode":false,"pivot":{"x":-12.56998062133789,"y":8.945930480957032,"z":163.7981414794922},"rotation":{"x":0.09580537676811218,"y":-0.0313497930765152,"z":0.0030185363721102478,"w":0.9949026703834534},"size":113.02552795410156,"orthographic":false}