{"cameraMode":{"drawMode":0,"name":"Shaded","section":"Shading Mode"},"sceneLighting":true,"audioPlay":false,"sceneViewState":{"m_AlwaysRefresh":false,"showFog":true,"showSkybox":true,"showFlares":true,"showImageEffects":true,"showParticleSystems":true,"showVisualEffectGraphs":true,"m_FxEnabled":true},"in2DMode":false,"pivot":{"x":108.69186401367188,"y":136.66741943359376,"z":58.98424530029297},"rotation":{"x":0.007499524392187595,"y":0.0011208915384486318,"z":0.000056263965234393254,"w":-0.999987781047821},"size":217.27769470214845,"orthographic":false}