{"cameraMode":{"drawMode":0,"name":"Shaded","section":"Shading Mode"},"sceneLighting":true,"audioPlay":false,"sceneViewState":{"m_AlwaysRefresh":false,"showFog":true,"showSkybox":true,"showFlares":true,"showImageEffects":true,"showParticleSystems":true,"showVisualEffectGraphs":true,"m_FxEnabled":true},"in2DMode":false,"pivot":{"x":644.1212158203125,"y":-1.8631553649902344,"z":35.70944595336914},"rotation":{"x":0.16421061754226685,"y":-0.023030538111925126,"z":0.0038090101443231107,"w":0.9861610531806946},"size":33.54484176635742,"orthographic":false}