{"cameraMode":{"drawMode":0,"name":"Shaded","section":"Shading Mode"},"sceneLighting":true,"audioPlay":false,"sceneViewState":{"m_AlwaysRefresh":false,"showFog":true,"showSkybox":true,"showFlares":true,"showImageEffects":true,"showParticleSystems":true,"showVisualEffectGraphs":true,"m_FxEnabled":true},"in2DMode":false,"pivot":{"x":112.77633666992188,"y":-3.6035308837890627,"z":-170.19381713867188},"rotation":{"x":-0.13820965588092805,"y":-0.6462594270706177,"z":0.1206454411149025,"w":-0.7407622933387756},"size":160.31063842773438,"orthographic":false}