{"cameraMode":{"drawMode":0,"name":"Shaded","section":"Shading Mode"},"sceneLighting":true,"audioPlay":false,"sceneViewState":{"m_AlwaysRefresh":false,"showFog":true,"showSkybox":true,"showFlares":true,"showImageEffects":true,"showParticleSystems":true,"showVisualEffectGraphs":true,"m_FxEnabled":true},"in2DMode":false,"pivot":{"x":-5.282703399658203,"y":20.83586311340332,"z":10.38144302368164},"rotation":{"x":0.21284455060958863,"y":0.012360877357423306,"z":-0.002710467204451561,"w":0.9770138263702393},"size":31.03989028930664,"orthographic":false}